Person,Organization,Location,Email,Phone_Number,Date_Time,URL,IP_Address,Credit_Card,Bank_Account,Passport,Drivers_License,National_ID,Medical_License,Vehicle_Number,Age,Username,Aadhaar,PAN,Voter_ID,IFSC_Code,UPI_ID,GSTIN,Mobile_IN
Aryan Maharaj,Kapoor and Sons,Bongaigaon,samiazad@example.org,+913389083863,1995-05-21T21:20:09.103445,https://www.sami.com/,56.119.13.144,4511615594078163,CRJU9593103413164,G7744287,DL9920233193008,NID-733052,MCI-44671,MH-94-LD-7201,28,kpatla,5803-6925-4150,QAHFT6804A,SBF2021263,SBIN0322966,isha34@ybl,35QAHFT6804A1ZA,+91 85147 59735
Onveer Walla,"Konda, Gade and Shere",Gopalpur,ektabhalla@example.org,+915641395376,2019-12-30T06:46:30.925045,https://www.dewan-koshy.net/,17.108.161.55,180096965328719,YBDE2691669784801,U4861175,HR8420238329500,NID-214975,MCI-30033,HR-21-UK-2040,67,harini14,7252-8668-9669,HYRFI7088M,GOY6187732,HDFC0107797,ddugar@okhdfcbank,07HYRFI7088M2ZW,+91 89954 36071
Adya Tella,Tripathi Inc,Guna,michaelprakash@example.org,8095701543,1973-04-10T14:28:25.036231,http://www.sunder.com/,62.29.123.225,4824896383465785,ODHH1509839301031,S9040771,TN8020152842572,NID-426858,MCI-62296,HR-84-JX-8397,33,narayananekavir,5061-4681-2049,DTOUN0309Z,IPF2062980,HDFC0262195,aryasunder@paytm,16DTOUN0309Z2ZQ,+91 76239 22363
Kevin Solanki,Solanki Group,Bareilly,sankarirya@example.com,07010651333,2000-04-22T04:39:02.286363,http://mallick.com/,64.98.97.138,2481080132677366,BFMA6474687234309,O1148088,MH1620109981424,NID-161483,MCI-31579,TN-01-ZG-8454,54,murthydakshesh,7930-8973-3536,CLLMS6904K,EFB7030495,SBIN0058008,soodyadavi@paytm,08CLLMS6904K1Z2,+91 90295 20745
Dakshesh Trivedi,Grewal Inc,Noida,kdar@example.org,9091699854,1981-07-18T00:10:31.633840,https://www.randhawa-deep.com/,81.37.4.118,30510799118387,IELC3542784980841,T9902298,DL5720191876960,NID-956795,MCI-82692,KA-85-CW-5333,32,aishanidalia,2753-3546-5462,KPNYF7236J,HFI6852906,HDFC0803191,dugalanita@paytm,36KPNYF7236J2ZZ,+91 70316 24663
Shivansh Oza,Lalla PLC,Chandrapur,chandapallavi@example.com,+910524278680,1976-04-28T03:07:34.529553,http://www.divan-sani.com/,231.183.107.175,575053315868,TXEH2260256342160,H6358979,DL3020158073988,NID-950132,MCI-42527,KA-21-UC-1634,78,mkapadia,4644-4269-8541,BWXOV5113Z,JVW2632073,SBIN0568308,tpalla@okaxis,12BWXOV5113Z2Z2,+91 73552 88193
Udant Bajwa,"Hans, Rastogi and Narasimhan",Coimbatore,indali86@example.net,5014294019,1994-07-23T14:28:42.504042,https://vaidya.org/,237.100.186.111,4060883561599,KVDX4846564823662,C9966195,HR6220204214969,NID-745414,MCI-84593,KA-52-OA-5700,44,nidra80,8043-6279-8618,LSIPN3527A,LRN7976266,ICIC0092381,bhavini36@upi,16LSIPN3527A2Z4,+91 84923 64321
Udyati Sathe,Kala-Vaidya,Gulbarga,manderyutika@example.net,9513433200,1983-11-02T16:00:20.425357,https://www.sachdeva-hayer.biz/,57.90.237.13,36320163287089,HDOE7889579868727,R2848695,TN8820264941847,NID-980660,MCI-93579,KA-99-UM-4919,53,wlad,8206-2269-5681,XOSJK1688D,GIX0131243,HDFC0408379,aradhanaverma@upi,37XOSJK1688D2ZU,+91 70193 56105
William Maharaj,Brahmbhatt-Mangal,Darbhanga,ekaja81@example.org,+913623166587,1993-06-30T18:41:04.298506,http://bahri-rai.info/,125.14.199.87,584668893731,INPA6562729806990,V6414160,TN8520100481234,NID-453894,MCI-59692,KA-97-YK-2341,78,sanghakrishna,1317-9837-1853,HKXVN7784I,ZJQ7679101,HDFC0165267,dgopal@ybl,08HKXVN7784I1ZJ,+91 73542 85849
Ladli Narang,Sha LLC,Nadiad,oviya41@example.com,+918053100330,2005-02-10T15:56:38.775219,http://www.contractor-kamdar.info/,198.154.61.204,3552991241904966,MWGC9314919058651,S7343538,TN2320239687479,NID-383201,MCI-90728,UP-62-MV-5397,59,advik67,5022-2419-5569,AIRYK7066D,WGM6308127,ICIC0387209,santjanaki@upi,16AIRYK7066D2ZV,+91 88192 41499
Michael Saran,Vig Ltd,Tadepalligudem,bshroff@example.net,4531473799,2007-10-05T17:29:25.311188,https://www.nair-gopal.info/,136.176.217.191,4454948083139,XNPR3777014363495,R3722111,UP9820151725759,NID-973074,MCI-35443,KA-30-JH-9751,34,wwali,5494-1745-1893,RQMUC2635P,OSD8485441,ICIC0094840,wnarayanan@icici,04RQMUC2635P1Z9,+91 96579 83772
Anika Mohan,Kashyap-Dara,Satna,wasonqasim@example.org,+917498941343,1990-05-24T18:10:40.442208,https://www.walla.com/,221.219.156.146,676142710943,PPOK2047116719022,T0907620,DL3220121464022,NID-576086,MCI-19329,HR-30-YU-4241,72,frederick31,2880-9922-4683,YCGOK5673O,QXV0137521,HDFC0669540,xkara@upi,28YCGOK5673O2ZG,+91 70847 21970
Shravya Savant,Sanghvi-Mody,Phagwara,johalsiddharth@example.com,1232812067,2008-12-15T22:46:40.702425,https://kata.com/,133.226.142.47,3513493618324215,BFZJ9947174648877,S4894431,DL5220236298543,NID-438977,MCI-25194,TN-66-VA-9889,77,baralrachana,7770-1888-4073,FRWPA7857F,NQM4021284,HDFC0067730,zashil01@paytm,06FRWPA7857F1Z7,+91 85120 25396
Ansh Luthra,"Baria, Gill and Singhal",Alwar,rajataswamy@example.org,05655125674,2007-06-12T00:57:58.900561,https://www.chakrabarti-murty.com/,49.69.35.71,346808760385970,UOYB3482477109324,Y7495822,UP8420258443739,NID-297816,MCI-41300,UP-50-GU-1715,58,reddygirik,8749-7246-7325,QEYHS4444E,ZUQ1919318,HDFC0090189,ishaanshenoy@upi,31QEYHS4444E2ZL,+91 90422 62098
Mitesh Tara,"Manne, Upadhyay and Mahajan",Karawal Nagar,dkohli@example.net,+916398214658,1985-02-05T13:42:32.610695,http://misra.info/,18.120.147.59,180055886753397,MHYN0576627028951,X0977112,MH1520207231557,NID-278240,MCI-32946,MH-79-WQ-4945,81,hchaudhry,3344-4804-8555,QWWWJ3778B,QLR8425099,ICIC0296439,uaurora@paytm,07QWWWJ3778B1ZO,+91 88740 57049
Nimrat Dubey,Singh LLC,Sikar,narasimhanlajita@example.com,7809134316,2025-04-15T08:34:38.595917,http://mistry.com/,191.254.146.199,344556238692228,CTMT3792374740748,Z2821277,HR2720139634570,NID-409445,MCI-52823,HR-54-ED-9837,64,ethansathe,9697-9221-5465,OZHZR2567B,VGV4873191,ICIC0987998,chandani64@okaxis,06OZHZR2567B2Z0,+91 78665 80329
Chasmum Issac,Subramanian-Chhabra,Eluru,chakrika40@example.net,04090974395,1982-05-18T08:35:44.305402,http://devan.com/,84.113.32.163,30095214562328,ZRLQ8424745171236,O9341934,MH4020143396557,NID-535037,MCI-95841,MH-63-QY-5583,22,gautam60,7070-4559-8264,DJTGJ6364T,LGJ9396029,ICIC0980269,jatin75@upi,22DJTGJ6364T1Z8,+91 95787 84000
Lakshmi Prabhu,Kaur Group,Udupi,timothy17@example.net,06120047113,2020-02-21T10:55:43.366786,http://prabhakar-zachariah.biz/,253.66.128.205,3561796405377357,DVLR5064317139005,F1813750,KA1620147574751,NID-628313,MCI-39038,UP-06-SX-9543,56,jeremiahjha,8504-1510-1996,FVOPV2775I,ZWL1748311,SBIN0657352,johaltarak@okhdfcbank,28FVOPV2775I1Z7,+91 97944 95814
Falguni Divan,"Agate, Malhotra and Dhillon",Panvel,owen10@example.org,+915395024026,1999-09-24T15:44:57.328763,http://pathak-varghese.org/,110.160.130.96,2483908470076619,PWOC1592124998569,E6400473,DL8120115531367,NID-856086,MCI-16743,KA-77-IC-9313,45,sudiksha89,3535-8900-4674,QTSFL2344D,WJO1224576,HDFC0656660,ychaudhary@okaxis,20QTSFL2344D2ZM,+91 70200 33777
Tanveer Sani,Kari-Sachdev,Malda,usagar@example.org,06545271111,1994-05-29T03:17:47.386080,https://www.bhasin.biz/,95.159.166.199,370494519832734,DLRL1493689980940,S5817004,TN7220244253165,NID-652530,MCI-97442,KA-06-FZ-1897,18,anjalimore,4349-5938-4460,WOKDQ0724K,TTH1441525,SBIN0633744,indali02@upi,21WOKDQ0724K2ZP,+91 93248 93904
Nandini Boase,Balasubramanian Inc,Gandhinagar,vsetty@example.org,04599102290,2008-02-02T00:51:22.707961,https://samra.biz/,112.205.40.102,4815614978403690037,JGYE4451076226838,J7270651,KA5420142116761,NID-910389,MCI-92306,TN-60-TT-8354,90,ekbal60,6295-6179-3473,KCAIU6890D,LMQ7530403,SBIN0269053,dbahl@okhdfcbank,36KCAIU6890D1ZS,+91 99787 84928
Dhriti Sanghvi,"Ravel, Sahni and Mann",Machilipatnam,naironveer@example.net,05161369681,1992-05-13T19:31:18.571105,https://nath.com/,45.20.126.182,213188355231248,GFTE1277997995527,O9563937,HR8620117600627,NID-788457,MCI-88997,DL-43-CR-6731,57,singhriya,7421-3112-2388,QIMDB1837Q,IJU8687656,ICIC0433129,anvi90@paytm,13QIMDB1837Q1Z8,+91 75077 20114
Yashica Borah,Shenoy-Seth,Howrah,bhavini11@example.net,8679807935,2004-03-10T14:36:58.584255,http://www.chauhan-oza.com/,40.83.92.213,213103778892559,JMNY5905151864492,W7814462,TN8820197722979,NID-303440,MCI-58213,HR-74-ZM-5616,66,finn92,9239-9641-7859,HUNOT5686T,ZVU1268518,HDFC0827291,dayita62@paytm,06HUNOT5686T1ZS,+91 98987 55820
Dayita Puri,"Narasimhan, Datta and Vyas",Bhusawal,andrew54@example.org,+915733221418,2013-07-25T05:19:36.155362,http://deep.com/,86.74.70.10,4706537947383477,GLVS7746886239240,J9487469,MH4220168575123,NID-150068,MCI-41252,TN-82-UL-2816,81,jprabhu,9782-1269-9443,YKKJK0230W,OSH0351653,ICIC0957508,vartyjeet@upi,25YKKJK0230W2ZG,+91 94488 12128
Fiyaz Dyal,Sengupta-Varghese,Junagadh,kapadiashravya@example.com,+916068536153,1971-08-05T19:18:18.911669,http://devan.com/,45.237.245.162,30277901043289,XTQN1434103697117,F8074201,MH5020195952713,NID-918771,MCI-16265,HR-43-HU-8159,69,varmawyatt,8204-7334-6554,JBGRC5713K,ZMM9587068,ICIC0530636,bishakhasanghvi@paytm,11JBGRC5713K2ZM,+91 84651 15551
Ira Khosla,"Saha, Grover and Chada",Jabalpur,ramakrishnanupma@example.org,6540515319,2011-07-19T14:38:29.264247,https://www.pandey.com/,174.81.15.37,4772217043030541,QMRP4034505415667,T6412639,MH8720146937553,NID-781113,MCI-46528,DL-15-AE-9482,67,lnori,2929-5288-5264,SXPLQ7064Q,SFP6921017,ICIC0989967,xtank@okhdfcbank,35SXPLQ7064Q2ZJ,+91 97897 30644
Fitan Samra,Sani PLC,Bongaigaon,ekani11@example.com,4479627570,2011-01-27T19:05:59.542532,https://bhandari-borde.biz/,142.188.239.206,340297021355699,BTEV7557192856543,R1803744,TN8320121304518,NID-678083,MCI-93859,UP-24-TD-9238,25,balquincy,3034-9488-3507,SYQUN1217A,HEY2952019,HDFC0266065,yvasa@okhdfcbank,10SYQUN1217A1ZL,+91 97608 83874
Adweta Lad,"Sehgal, Kala and Mangal",Kollam,deshmukhethan@example.com,+917155188442,2010-03-24T01:54:24.440059,http://kapur.com/,228.148.154.124,4058957829116,JMWX7866912517785,H8620044,DL5320143778913,NID-688933,MCI-23917,KA-31-MG-5061,36,qabildayal,2586-1829-5754,BWCYU2256A,YWK9989711,HDFC0948403,dthakkar@paytm,16BWCYU2256A1ZM,+91 71594 16624
Zarna Dua,Gala-Edwin,Kamarhati,zilmil41@example.com,+918424981829,2023-03-19T05:13:02.428514,http://www.nazareth.com/,94.23.205.14,676394396904,PURJ4736471027677,S5323458,UP9720131039531,NID-731728,MCI-76731,TN-65-BB-6456,78,harinidhawan,9508-8487-3440,HPVRH0112L,PNI6197238,HDFC0572836,eiravati56@paytm,20HPVRH0112L1ZU,+91 78700 95929
Kamala Varma,"Cherian, Nagar and Khurana",Bhilai,shivani32@example.org,+914696325953,2013-02-15T04:32:27.083571,https://morar-tank.com/,63.16.56.49,2298733950047970,JRAD6245650609835,A4442564,HR1720145594394,NID-659024,MCI-54869,UP-46-RW-5331,79,ethan68,4150-5038-5571,UUPSP1668E,OFZ2227339,ICIC0721639,nmammen@okaxis,10UUPSP1668E2Z2,+91 79425 20358
Kabir Chatterjee,Prakash-Nori,Asansol,yashodhararatti@example.net,+910025787298,1977-11-25T03:30:33.737446,https://www.mistry-nayar.net/,151.122.124.13,180094705516941,ZXWU0974993097289,V9221346,DL1020154984193,NID-777273,MCI-17754,MH-84-ON-1611,40,rdivan,7846-3880-1595,JLGMF5961T,ZKM9998051,ICIC0929549,azadchoudhary@okhdfcbank,30JLGMF5961T2ZC,+91 96503 24764
Anirudh Sastry,Sahota-Doshi,Kurnool,xthaker@example.net,00283857865,2024-01-24T10:40:40.328011,https://pandya.com/,230.207.218.132,4843443757587,ZXIJ1986652404157,K0611322,DL6720189370660,NID-223967,MCI-71000,KA-21-KN-6095,33,varenya33,5833-7021-4618,ITQSA3261T,FDD7645456,ICIC0227804,anita21@icici,24ITQSA3261T1Z7,+91 72023 81781
Xavier Bedi,"Wali, Kara and Kaul",Salem,tnarayanan@example.com,+912082677345,1986-02-17T02:36:39.590353,http://www.kata.com/,208.28.232.34,6011067240049919,KJOU8872874315274,Q4556302,MH3720120309909,NID-133276,MCI-47629,TN-24-TT-7887,65,akshaynazareth,7266-8348-7184,XFNEW4674Q,JRR5631557,HDFC0200265,reyansh29@okhdfcbank,25XFNEW4674Q1ZF,+91 85093 55371
Prisha Varma,Chadha-Rattan,Udaipur,vanshanaik@example.org,+914637454990,1984-10-12T13:57:47.288044,https://www.dani.com/,18.51.17.115,4841459332727950,NWRP8339187851910,T6820457,MH2720269295578,NID-348411,MCI-49552,DL-85-NK-5508,25,masongala,3869-7999-9120,EEWTA6698H,BIQ3564215,SBIN0228140,zinal71@paytm,27EEWTA6698H1ZO,+91 77957 43422
Vrinda Chand,"Sehgal, Bhakta and Setty",Anand,kshan@example.org,7406403910,1993-12-11T07:35:13.750199,http://www.sodhi.com/,224.37.96.206,6011265676618252,DFRM8230047868633,Y5622939,DL3420137796732,NID-437237,MCI-47101,TN-60-NJ-5285,64,jpal,9401-9147-8635,FQXWC7126T,CZM8934521,SBIN0295413,ranbir10@paytm,37FQXWC7126T1ZV,+91 88043 95800
Amol Khosla,Bhavsar Inc,Amroha,kondachaitanya@example.com,03830284395,2002-08-20T08:32:07.091487,https://www.dhar-verma.com/,140.250.94.235,6540892687056857,WNNE4628733427086,R9958080,MH6220148270536,NID-799143,MCI-90808,TN-85-MA-7739,19,iwagle,1274-9673-5501,YITMS7473E,NHN6491952,ICIC0623709,qkibe@paytm,37YITMS7473E1ZE,+91 79829 99658
Ganga Brar,Prabhakar-Chanda,Faridabad,krishna99@example.org,+913983735403,2022-12-17T10:11:21.181996,http://jayaraman.com/,22.255.222.166,180046785445870,ODZX7535560932048,Z3998929,HR8220252962561,NID-991737,MCI-51220,MH-27-PT-7525,27,jmerchant,5903-3661-4939,VCZQA4346W,OWR5377607,SBIN0302066,forumkarpe@okhdfcbank,26VCZQA4346W2Z1,+91 90778 45825
Yatan Tata,"Nazareth, Kurian and Suresh",Jaunpur,indiragara@example.org,8728080100,1993-04-21T23:19:56.997891,http://www.dora.net/,183.37.42.69,30509977008865,AAQX4840862118233,E3713309,TN5620181045510,NID-681141,MCI-22198,UP-77-UW-1202,55,irya46,7779-7353-2387,ULFOJ1537J,SOZ2561221,SBIN0122739,prakashnidra@icici,32ULFOJ1537J1ZT,+91 73505 27758
Yagnesh Kara,Buch-Balay,Machilipatnam,jpurohit@example.com,+910217659180,1982-12-26T11:45:44.810666,https://borde.com/,77.164.102.123,213125039261423,SHSM8562185016315,K1337697,KA5820188315556,NID-676820,MCI-13527,HR-60-YF-5773,26,bnarain,7703-9180-3280,HYIQU3388T,QGR7709445,SBIN0965738,shravya73@okhdfcbank,06HYIQU3388T1ZF,+91 91548 97122
Keya Sankaran,Rai Inc,Shahjahanpur,butalaamrita@example.org,02655110475,2013-01-09T13:18:50.507017,http://www.grover.info/,67.113.113.115,180010158199563,AJNM1839826224447,L3755301,TN2020138733753,NID-202365,MCI-67431,HR-90-LB-1732,32,devganesh,1370-6620-2791,JQBZR3794A,REZ2115924,SBIN0164061,amajumdar@okhdfcbank,28JQBZR3794A2Z0,+91 93092 38153
Veda Bose,Krishnamurthy-Koshy,Hindupur,tanvichhabra@example.org,00659657569,1977-09-10T16:10:35.901605,https://www.murthy-goel.biz/,221.250.160.153,377935646519399,RFVY8073741672434,M6538687,KA8820126321313,NID-725397,MCI-28070,UP-50-KM-9804,40,pallavipurohit,3733-9022-5732,FTVBC8134I,DIL0301895,ICIC0464840,senvarenya@upi,15FTVBC8134I2Z2,+91 79006 39470
Yashawini Sahota,"Bansal, Parsa and Yadav",Moradabad,ishaganesan@example.net,0965610143,1998-11-10T14:25:44.033927,http://raman-sheth.org/,211.21.225.140,3550714611254578,ZGQP5717751401051,G9187294,KA2120248182768,NID-739905,MCI-92938,TN-22-QU-4390,25,yagneshvarty,6747-9720-5605,NELTT5117L,PEZ2595981,ICIC0740267,nathanielnarayanan@ybl,16NELTT5117L1ZK,+91 97147 42447
Turvi Kata,Gour-Grewal,Tenali,horashivani@example.net,06033419182,1990-09-03T03:25:21.973134,http://lala.info/,132.142.188.117,180096969155795,FVWZ4991251341252,P3077746,KA1820222422835,NID-693643,MCI-73614,KA-88-TB-8529,20,msahota,3035-3588-8230,TRMPG4468C,LZL9983880,HDFC0306606,leelasampath@icici,15TRMPG4468C2Z5,+91 93058 22475
Vidhi Yogi,"Ghose, Ganesan and Suri",Kolhapur,divyaseshadri@example.net,+915072368876,2008-09-10T11:10:52.911522,https://ganesh-butala.org/,34.244.36.59,639034043849,FYOS7881914858078,M0813238,DL9220140561327,NID-531709,MCI-90750,HR-57-WC-2646,35,pavanichaudry,3017-7291-6759,AMDFR0689N,ZID2056676,ICIC0863557,chamelibali@okaxis,04AMDFR0689N1ZV,+91 82644 24777
Adya Pall,Sarna Inc,Bhagalpur,priya29@example.org,+913095849825,2025-04-29T00:43:31.425270,https://loke.com/,140.88.241.245,6011422325367290,UIUN6711684577590,Y0502993,KA9020267446510,NID-182860,MCI-77017,DL-20-NK-2083,57,shankerishita,8167-4909-1948,GQBXA3338N,GYD6066101,HDFC0043582,warriormitali@okaxis,09GQBXA3338N2Z7,+91 95278 13847
Pushti Kakar,Loyal-Naidu,Naihati,vedhikaoza@example.net,+910170127706,1981-06-07T22:39:46.538216,http://mahal.com/,95.80.130.198,4520643611037129384,VOAA5162713611155,D8617080,MH7020213198597,NID-539740,MCI-39427,KA-32-KS-5444,27,laksh62,7108-2956-9225,ILNGZ6450S,RBF5048873,SBIN0043277,ekapadwali@ybl,30ILNGZ6450S2ZV,+91 95316 35614
Nitesh Sarraf,Kala-Doshi,Tadepalligudem,fkalla@example.org,+911965652341,1984-01-10T06:51:34.868244,https://www.mitra.org/,1.192.157.27,213164037613798,CQAL5269658271091,G5240970,DL7620237390018,NID-178465,MCI-87580,UP-08-LZ-4879,55,lalatanveer,5276-6161-7438,TOUDY0566A,STI2027511,HDFC0445923,bhasinmitali@okaxis,08TOUDY0566A1ZA,+91 96463 99922
Yachana Sagar,Ratti-Butala,Alwar,mukherjeefarhan@example.net,+912856914630,1983-10-26T04:17:22.877299,https://www.bhakta-more.com/,77.133.89.8,5120275884252414,YAKZ6481491778507,M8550171,MH3820141469059,NID-178629,MCI-12857,MH-26-XL-3110,29,jhalakdugar,6432-3007-1699,HSPFW1793B,YBY4743439,ICIC0241666,harshil91@paytm,27HSPFW1793B2Z3,+91 72874 46670
Yashodhara Agate,Arora and Sons,Chittoor,leela22@example.org,6353654195,1976-09-30T11:48:41.275288,http://www.varty.biz/,123.248.176.234,2444518705349497,HOLS7383206038505,S5313287,MH7020263521225,NID-929672,MCI-17328,DL-74-WU-6813,40,puridamyanti,3885-4875-6210,JKQUG9503W,USX0795519,HDFC0843402,jhawazir@ybl,02JKQUG9503W2Z0,+91 80870 90495
Vyanjana Bhasin,Mammen Inc,Ahmednagar,dpradhan@example.net,+919182619906,2007-06-09T03:48:29.265280,http://www.lal-murty.biz/,217.186.37.96,3557431329121279,OKND8537474112490,W9313119,HR7220201969725,NID-283869,MCI-59595,KA-94-RD-1029,68,falakdivan,1530-3983-6213,FDSXV3059Y,XZF5917291,SBIN0807684,kothariishani@okaxis,14FDSXV3059Y1Z4,+91 81484 43640
Yochana Bawa,"Mistry, Lad and Ghosh",Machilipatnam,gkrish@example.com,+912100323651,2002-11-28T10:35:05.659645,https://www.bhattacharyya.info/,213.245.115.42,4510702966706620,LGFI4720999347687,O0823901,TN3020125805640,NID-785386,MCI-31626,UP-56-EC-4367,42,chahalati,7705-9849-5346,USBLK1483M,RHC3540008,SBIN0640269,adevan@paytm,08USBLK1483M2ZP,+91 85431 74106
Zaid Bahl,Parmer-Srinivasan,Hapur,lipika42@example.org,09304078593,2025-01-15T09:48:53.115929,http://www.khosla.com/,215.137.31.39,4522395590598,SESG7842701039308,Y6068472,MH5920264584840,NID-995420,MCI-14551,UP-74-XU-3415,33,vacharya,8357-3832-3738,XGQKJ3104I,ZVD4949682,SBIN0990333,kalpitoak@okaxis,34XGQKJ3104I2Z0,+91 95773 91665
Ekiya Bhargava,Divan PLC,Bhubaneswar,elijah56@example.net,+915452267528,2009-03-12T10:01:08.431754,https://www.gill.com/,202.146.176.225,4096902959391727,KXCH5521570433154,N2654146,HR9820220832798,NID-121215,MCI-54284,KA-40-HM-2609,47,agarwalchanakya,3201-5923-8259,PUCDO5911Y,UIS6049445,SBIN0307074,usarma@okhdfcbank,37PUCDO5911Y1ZB,+91 76316 36309
Ojas Sachdev,Radhakrishnan-Panchal,Salem,kkar@example.com,+910405411526,1979-02-04T03:29:33.675233,http://www.subramanian-balasubramanian.biz/,8.123.190.126,4962015336884446,HDBM9872050614973,T4945382,HR2120190087222,NID-316773,MCI-45269,HR-53-NW-1145,78,balsamuel,3167-3837-1138,VGLXS2856D,FPY7728842,ICIC0356509,bishakhabumb@okaxis,36VGLXS2856D2ZJ,+91 92426 24169
Jack Morar,Sinha-Suresh,Mysore,xgoyal@example.com,02704774349,1973-06-26T06:23:01.762358,http://www.padmanabhan.net/,231.29.206.170,630486879376,JCMW0898992172233,K6769243,MH8420163766493,NID-414777,MCI-32280,HR-72-EC-3096,51,brijeshsampath,3999-6499-2463,MIHIH6961Q,FFW4835410,SBIN0656411,saransaksham@icici,25MIHIH6961Q2ZQ,+91 71771 29762
Aarna Nagarajan,"Bhavsar, Chahal and Rama",Suryapet,anya87@example.org,9986162299,2002-12-05T17:35:32.774032,http://www.chaudhuri.com/,162.90.160.163,6567997024629965,BMKW3074505444713,B0271747,MH2620236493013,NID-114760,MCI-52233,UP-25-AA-5076,46,charitasavant,6641-6113-3112,DFKOX4377P,CNH0094554,HDFC0619471,amruta69@paytm,02DFKOX4377P1ZE,+91 93827 27197
Raghav Sathe,Ray Ltd,Hazaribagh,daksh82@example.org,08628902330,1984-02-06T14:21:07.550172,https://www.issac-mahal.com/,153.24.55.168,36103579727983,LLFI1406029333346,A0141272,HR9020103662618,NID-210010,MCI-77054,HR-80-DC-2741,81,andraurvi,4254-4272-5308,FANDS7367T,VZJ4159642,SBIN0001549,oscaranand@okhdfcbank,05FANDS7367T1ZG,+91 91113 40298
Zayyan Mody,"Maharaj, Sampath and Puri",Jaunpur,tejas74@example.net,9691085899,1985-12-22T14:03:15.744993,http://nayar.com/,30.48.23.3,4432830965207446668,XBSW9353875842824,E6134680,KA3320134923876,NID-935620,MCI-31860,MH-17-SB-3611,31,sinhakabir,7816-8908-8178,LZGBV8836N,EJJ0689191,ICIC0402376,qadim51@icici,37LZGBV8836N1ZL,+91 87009 78564
Isha Kapoor,"Mohanty, Salvi and Narula",Bhilwara,ubika17@example.org,9991738168,1986-11-11T04:55:18.793705,http://www.iyer.biz/,3.80.240.219,3525217525007431,YYFS2712966667600,P8042902,HR5820228045043,NID-621533,MCI-95638,MH-14-KA-9996,18,kashviatwal,2489-5990-9328,RQLSM6618T,ORL3888375,SBIN0734060,rayaan00@okaxis,19RQLSM6618T2Z6,+91 71500 31516
Upkaar Padmanabhan,Dayal-Chauhan,Ambala,oliver10@example.com,07898562575,2012-05-22T17:50:32.646755,http://kari.com/,184.173.55.194,4982150648900,TBVD0016761847230,N0661845,UP2720250754597,NID-285810,MCI-85832,DL-94-VC-6273,82,osha18,7302-7859-5067,MVTKG1182Z,HZZ4147727,SBIN0879626,laksh61@okaxis,23MVTKG1182Z1ZB,+91 86511 81105
Barkha Comar,Tank and Sons,Firozabad,ishitarout@example.com,+910873753001,2021-04-01T10:28:51.580288,https://www.vaidya.com/,225.216.6.134,4744701204556110020,VUFK5794155216674,D0161712,KA2820116270818,NID-875414,MCI-83647,DL-96-QK-9370,54,zsridhar,1769-7251-7349,SIDJM5647R,KUR9072884,HDFC0267357,hganesan@ybl,13SIDJM5647R2ZS,+91 75813 99477
Daniel Dutta,Saha PLC,Jehanabad,ngolla@example.com,09027716701,1984-10-13T19:32:41.789807,https://www.vohra.net/,120.79.20.40,213163756289004,UFQP7217535408386,K5768375,MH5020262105450,NID-331942,MCI-37964,HR-43-IH-9691,78,fkeer,1144-2879-6668,BZTDB2218A,LXP6963993,HDFC0529838,zsawhney@paytm,32BZTDB2218A1ZI,+91 99434 95397
Gaurang Tara,Mutti-Dani,Surat,ravalnitara@example.org,8019948837,2023-09-15T18:47:49.832977,https://www.sha.net/,222.217.53.53,3557113055488516,BFPE6149331637351,R8874806,MH6820200012089,NID-527433,MCI-60860,TN-81-KI-7381,33,obatra,9762-1096-2036,FNYEY5006Y,TPS0917307,SBIN0436451,seshadritanvi@paytm,35FNYEY5006Y2Z9,+91 79766 98773
Wishi Agrawal,"Bava, Sant and Subramanian",Adoni,kabirchawla@example.com,9958669346,2024-06-15T00:43:34.914214,https://devi.org/,101.43.156.54,3585833394522883,WUKW1587996846081,X7729811,UP4220161650795,NID-775990,MCI-82045,MH-38-RG-4234,80,rajmaanav,6420-6851-3100,XZWQY0810S,RGH0143661,ICIC0589137,bhallaryan@icici,28XZWQY0810S2ZN,+91 74400 99073
Naveen Mangat,"Krishna, Dhingra and Bhatia",Kurnool,parmersneha@example.org,8386384066,1993-07-17T03:01:13.402389,https://www.krishnamurthy.org/,51.134.39.187,30359893347215,FFXQ1606484229405,C8868572,MH8020185947327,NID-868844,MCI-48141,DL-60-NC-6961,82,cdubey,1173-4913-3717,TWMJH5168E,TDE5581790,ICIC0722265,ekantikabehl@okaxis,25TWMJH5168E2ZT,+91 98886 16086
Vritti Parmar,Nadkarni PLC,Udaipur,tiwarinathaniel@example.com,8615335554,1982-05-06T19:33:27.362390,https://www.pal.com/,97.187.39.133,4056164840858871,PBJU3581128801336,I3953844,UP1020268425211,NID-731264,MCI-25509,HR-30-KI-2856,79,jharadhika,8844-8848-4452,BQCZQ2755M,PQK2151581,ICIC0195496,dubearjun@icici,19BQCZQ2755M1ZD,+91 84719 89498
Garima Barad,Borah Inc,Chandrapur,kariaarna@example.com,07665061809,1973-07-29T06:05:48.925474,http://www.thakkar-cherian.com/,186.175.232.153,4914766072832689,JUEJ5088210099688,S0310596,DL8720131958570,NID-791423,MCI-27082,UP-70-VX-8069,84,modyshivansh,7892-7068-1711,ZWEVP7816I,SLY4738985,SBIN0427905,siddharth68@okhdfcbank,27ZWEVP7816I2ZC,+91 70179 10932
Naveen Gour,Krishnan and Sons,Bokaro,shenoyelijah@example.com,1413975523,1975-08-27T23:27:53.716023,http://www.sunder-seshadri.com/,219.216.187.157,3592995562053362,ILEV5777547812914,I9325515,TN4220195731812,NID-921149,MCI-31206,MH-28-NU-1852,38,ronithlall,7375-1086-2492,PDARR3316I,VMP0236794,HDFC0629071,borraanirudh@paytm,29PDARR3316I1ZC,+91 97871 96099
Nidhi Kala,Lad PLC,Jalgaon,manya39@example.net,02788165803,2017-12-02T17:59:32.253423,http://www.dutta-gola.org/,250.80.44.71,3575037314530388,ZLMP7005184498926,Y3642079,UP4620213829440,NID-283537,MCI-63363,UP-14-ON-6570,32,lpau,9409-5222-9813,YNFUN6663U,VOS9577944,SBIN0501069,varughesezayan@icici,15YNFUN6663U2ZQ,+91 81570 77699
Udant Varty,Pandit-Pai,Ongole,thakerliam@example.com,+913184322259,2010-07-15T11:16:53.689181,http://www.narayanan-comar.info/,56.137.93.243,4739260302992284,BSEB2428699041379,X6941782,DL4120211196667,NID-667776,MCI-15539,TN-48-QM-5501,80,ksubramaniam,3996-9374-5591,NSGHK7351K,KTD5490387,HDFC0415306,nirjadhar@paytm,07NSGHK7351K2ZN,+91 90079 44039
Yasti Lalla,Oommen Group,Berhampur,irajan@example.org,+913886291279,2003-11-24T10:37:45.430125,http://www.de-zacharia.com/,72.230.92.147,4865086376599168,EIPY3149864300981,E9687858,DL2820144041865,NID-431064,MCI-73782,KA-33-OO-7527,30,prashadsamesh,3676-1983-4530,EGHYI1447L,VMQ4335920,HDFC0189156,nilima51@ybl,19EGHYI1447L2ZK,+91 92059 76904
Pooja Kulkarni,Wason-Sampath,Pudukkottai,mekhala36@example.net,7258874495,2013-10-01T17:50:34.627631,https://www.dani.com/,162.207.36.21,2238658902601272,TNCC4351906698490,F3367638,KA8520269410769,NID-834733,MCI-20494,DL-22-KC-8752,88,wardasarna,1881-1431-7504,MTXJH6118K,NZC6093274,HDFC0151039,jaggizarna@paytm,30MTXJH6118K2ZZ,+91 84576 27709
Robert Bandi,"Uppal, Varty and Kata",Vadodara,william02@example.org,06566938011,2001-01-21T20:30:31.610368,https://kara-hayer.info/,124.116.45.114,6011426818184518,ZQIR9476973577907,J3230883,TN7820106472775,NID-935471,MCI-10946,UP-48-EW-8161,68,kuruvillaekansh,5094-3675-7385,ZSEPQ6556J,VFC6576626,HDFC0521011,rkannan@paytm,29ZSEPQ6556J2ZV,+91 76153 52027
Diya Sachar,Varty-Wason,Firozabad,bhavnachander@example.com,5182755394,1980-04-30T18:11:56.534246,http://iyengar.com/,127.111.175.108,4339521117901,YRBP5957947284639,J7436007,DL1720187041888,NID-227885,MCI-42631,TN-99-ZG-1549,43,chaturavora,8550-2539-9538,ABNEC2772E,RFK9917751,SBIN0423069,isridhar@ybl,28ABNEC2772E2Z0,+91 75484 46188
Yadavi Palan,Ghosh-Shankar,Kadapa,smutti@example.org,+913691559428,1984-11-08T07:54:25.147652,https://oza.info/,128.46.173.239,6011655647292932,DXIZ3866322702672,Y6067712,UP9220218416318,NID-608876,MCI-67344,UP-38-OM-4057,87,vidhi44,6696-6303-8674,PKGZP6617H,HVX5012230,SBIN0631087,raohardik@ybl,21PKGZP6617H1ZY,+91 96838 60789
Darpan Kale,Soni-Char,Thanjavur,jalsa58@example.net,05061593998,1979-11-12T13:33:21.044576,https://uppal-sura.info/,46.16.103.28,2299472256996114,FKHK5449647598762,P1063465,MH5620176092480,NID-939930,MCI-93744,MH-47-OY-7814,65,arindass,1955-5355-9667,ERTEH4306B,BBH9907515,SBIN0261741,zayanbuch@icici,37ERTEH4306B2ZT,+91 93021 97194
Ojas Ranganathan,Chandran Inc,Motihari,balmekhala@example.net,+911492164334,1995-01-17T01:01:20.909468,http://www.garde.com/,254.166.190.106,377848728299790,NQUU8457831745642,Y6832535,HR4220219437955,NID-416503,MCI-10860,KA-29-FI-5521,88,advaith08,9376-3534-2544,LCUON6559K,AJD3528039,ICIC0777186,hemanginimangat@okhdfcbank,07LCUON6559K2Z2,+91 93946 85534
Abhiram Swamy,Mistry-Andra,Jalna,abhimanyuprakash@example.org,08663266341,1993-11-11T05:20:04.481050,http://wali-luthra.biz/,218.5.195.14,4224179749736,KAEB8021442703120,J5353616,TN6720260471347,NID-674779,MCI-62322,KA-11-KL-3136,35,vkalla,8879-4245-8993,JUXIW4917X,KOO9522465,ICIC0143136,ymuni@okaxis,11JUXIW4917X2ZS,+91 90420 29112
Kamya Sheth,"Balay, Narayanan and Buch",Pimpri-Chinchwad,manya18@example.com,+913460136730,1981-04-04T04:01:25.692716,http://www.ramachandran-muni.com/,223.147.7.88,4881474350313659,AFZI9163009792513,W8343725,KA8020256966395,NID-367865,MCI-32324,MH-37-FS-5444,24,xalakchand,8617-1136-2091,LYGRE7072T,KHW6808623,SBIN0903851,darpan05@okhdfcbank,30LYGRE7072T1Z2,+91 78106 79391
Hredhaan Dass,Kaul-Nadig,Bahraich,anshpurohit@example.com,2407784873,2002-01-09T23:51:31.420557,https://sidhu.com/,161.131.198.228,213174485708628,ATLY9351863878294,A9923317,UP9620174543641,NID-784167,MCI-28163,UP-70-RF-3262,57,nimrat51,9582-3215-8046,HMTAR3399I,ZZD9935913,SBIN0877844,virkekalinga@paytm,18HMTAR3399I1ZC,+91 73498 27241
Kai Gokhale,Jaggi Inc,Nellore,balaylipika@example.net,08994053910,2022-07-26T23:59:18.815104,http://sidhu.com/,35.240.191.48,375094801413816,DXHR6338392886195,M4110702,TN3820167099843,NID-579770,MCI-42346,TN-52-UP-7232,58,gsane,7457-9784-9605,ETPGO2263W,QSB1488259,HDFC0037914,pranitratti@okaxis,19ETPGO2263W2ZA,+91 83843 48590
Nakul Walla,"Savant, Pandey and Murty",Serampore,usani@example.com,3983684577,2024-03-29T05:37:06.567539,http://www.babu-vasa.com/,35.201.211.83,4433504888992107522,EILS3344196931572,O0488803,HR3020130760779,NID-741804,MCI-30958,TN-71-JT-6491,90,mchandran,3459-3656-3369,PBNDV4717W,ESK3746112,ICIC0624850,baljiwan96@paytm,16PBNDV4717W1ZU,+91 84868 63759
Daksh Natt,Saraf-Saha,Ambattur,rajachatura@example.com,0589258320,2008-01-26T03:39:56.379637,https://thaman.biz/,90.18.74.219,4225179086416862277,RGPM9389833146591,B6829041,HR4620159730738,NID-960109,MCI-18869,TN-71-BM-2999,53,sachdevpallavi,6393-9635-7779,LPAWH6821B,NSP1769469,ICIC0926359,ijaya35@okaxis,09LPAWH6821B2ZX,+91 93893 92818
Arjun Mody,Palla PLC,Ulhasnagar,obasu@example.org,5211039240,1989-05-26T06:50:12.939312,http://sinha-bajaj.com/,205.212.211.12,4388487920691,VQBI2043940701645,K3826620,KA7420207133598,NID-303440,MCI-53321,KA-87-MM-1582,35,bahlbrinda,8888-3545-8546,MVWGH1147X,XNI7478273,SBIN0526783,ykashyap@ybl,18MVWGH1147X1ZL,+91 82295 92118
Diya Sundaram,"Wali, Chakrabarti and Grewal",Orai,cbains@example.org,4576205554,1983-05-08T09:05:48.809823,https://www.kurian.net/,23.254.121.96,4256216893639264953,OREG2983248262925,O8351302,MH6620260451975,NID-913205,MCI-52904,DL-99-WV-9456,34,waliajagat,4361-1598-8526,NEPED7387I,KWD3088381,HDFC0770762,eeshadhingra@ybl,13NEPED7387I2ZH,+91 87441 51831
Eiravati Sachdev,Mitter-Savant,Saharanpur,hredhaandeep@example.org,+919949993933,2008-11-04T19:22:42.719190,https://www.sood.org/,70.72.145.147,30526772233068,YAIN3331279757366,H1385009,MH2320220415586,NID-746253,MCI-56612,KA-43-VS-9740,28,raidhriti,8629-3159-2522,URHEC9515R,VXM4674228,HDFC0693667,hyadav@okaxis,30URHEC9515R2Z1,+91 72141 72303
Ikbal Seth,Basak-Korpal,Thane,wvarty@example.net,+913476447264,2004-08-25T09:12:57.354701,http://www.seth-chana.net/,143.36.154.137,2229266570279370,CIKW2111751868926,O4465933,HR8520237475260,NID-846490,MCI-85260,TN-15-PM-2599,74,xbassi,3886-6046-7648,CMVHJ5547D,BCV7346088,HDFC0960115,gautamidoctor@paytm,37CMVHJ5547D2ZC,+91 76739 99327
Maanav Gola,"Behl, Saini and Morar",Amroha,pratyush12@example.org,+919407778097,1983-06-11T22:08:41.127999,https://sathe-buch.org/,157.206.65.219,3538498302205027,BVST4510162249998,J0990591,KA1320174567442,NID-281833,MCI-72242,DL-25-OV-6902,71,tamannaparsa,3527-5726-3056,WHURX9799S,DBA7449064,SBIN0476415,chanderchandani@okhdfcbank,29WHURX9799S2ZM,+91 77397 34352
Jyoti Raghavan,Sane PLC,Jalna,hdesai@example.net,05868339019,2011-03-28T22:40:25.409921,http://mani.com/,124.188.57.149,180029978772938,WJGA1071396605583,P9075872,UP2020268047906,NID-936866,MCI-85973,KA-79-BI-1176,78,jaggibaghyawati,8438-9399-8687,LAMTS2950B,OIJ9216537,ICIC0265562,ekansh44@icici,02LAMTS2950B2ZV,+91 72703 26622
Abeer Comar,"Nath, Om and Randhawa",Akola,ganganigam@example.net,07027278576,2022-06-07T00:39:52.341400,http://mutti.com/,39.228.189.207,3551240568299621,TDZY4504617357438,F2747830,DL8620148743671,NID-705822,MCI-55229,MH-83-GV-1860,39,parth15,8602-7533-8802,NWHDH8011S,HTT5374180,ICIC0946960,jaggigeorge@okhdfcbank,23NWHDH8011S2ZH,+91 80976 45432
Yashawini Bakshi,Tella-Dube,Mau,tviswanathan@example.com,+911823076810,1987-07-29T19:15:56.981524,http://www.sibal-batra.com/,177.92.160.141,180009435334480,KYOV1422410988138,A6800142,KA4220160605825,NID-227706,MCI-25725,MH-78-DR-4027,32,eiravati42,4018-5150-5826,GCRKU7751K,MYQ9249731,ICIC0073309,yash21@okaxis,12GCRKU7751K2Z4,+91 86112 36302
Hamsini Zachariah,Bedi-De,Chittoor,cherianleela@example.org,+916629979545,2016-03-12T09:25:01.502189,http://deep.com/,19.36.128.199,30477332945629,WVKZ5770171577245,O0460031,KA6020105944877,NID-666366,MCI-39602,MH-50-YV-8898,33,yashodachauhan,9770-6880-6463,PEMDT2697D,RKQ9059047,SBIN0610316,uchhabra@upi,23PEMDT2697D2Z5,+91 99006 92941
Chasmum Walia,Rattan-Sachdev,Udupi,nathansubramaniam@example.com,+915396695832,2007-06-12T15:11:36.229266,http://sheth.net/,248.230.8.10,2424619196570130,ESYU0227846997335,K0701864,HR7820147207409,NID-748410,MCI-16003,DL-90-QA-1818,57,daksha65,2594-8474-3796,LEAAZ2376P,VBV1560238,ICIC0741653,anandyashvi@ybl,03LEAAZ2376P1ZL,+91 72071 25826
Joshua Menon,Pingle PLC,Mumbai,imaran40@example.org,09656666832,1996-11-01T13:44:22.588728,http://sahni-dube.com/,97.80.8.226,4201027621267964,TFOQ6876532690973,P0097526,TN9820142654960,NID-288744,MCI-75521,UP-12-QU-6699,71,nirja89,1074-4860-4144,HTEJE2517U,DNC3752762,ICIC0176941,bahadurjit09@icici,03HTEJE2517U1ZN,+91 79340 37471
Jyoti Chowdhury,"Subramaniam, Buch and Dhar",Kirari Suleman Nagar,virkgaurang@example.org,01894905807,1995-08-29T11:51:45.116117,https://pandit-menon.com/,30.36.120.185,4949407929049040,PCEQ1442944401929,O5316373,MH4020238324481,NID-739037,MCI-69636,DL-50-JL-4181,63,sanyapingle,5418-4313-6503,LIUTB7917P,DRB1841386,ICIC0766198,advikakeer@upi,27LIUTB7917P2ZD,+91 89384 72061
Pratyush Wable,Oza Inc,Hindupur,warhisachar@example.com,+917239504102,1996-03-22T11:44:49.013738,https://walia-kaur.biz/,230.2.213.251,4742860476580180,ULNT4544149673938,B0470547,MH6720252507912,NID-779099,MCI-21892,MH-62-RE-8524,21,pranit58,8452-8598-3271,VHSTG3585E,WKU3468083,ICIC0042957,anandekansh@icici,06VHSTG3585E2Z3,+91 86866 98428
Nisha Chaudhari,"Chawla, Sehgal and Panchal",Anantapuram,reyansh00@example.net,+910939111926,2007-02-04T07:09:28.806975,http://www.gour.info/,36.171.122.139,4746542140665045,IFOC7396271286391,D6778777,KA5520185403458,NID-593002,MCI-79717,HR-69-XL-7031,26,glad,4085-8501-2430,JBJMB3675Y,CXH9126485,SBIN0629513,boraekavir@paytm,02JBJMB3675Y2ZC,+91 72062 12888
Sanaya Bahl,Dixit-Acharya,Pali,max56@example.net,+918776618306,2023-12-03T05:18:56.327138,https://www.wason.com/,216.227.234.78,6011158517432803,MVGJ6157173203093,S1712497,MH2820212961511,NID-842508,MCI-97340,DL-21-GB-6187,34,eramachandran,8223-5266-7056,WGYQK3635W,EOA3335139,ICIC0441430,xalak87@icici,35WGYQK3635W2ZI,+91 85529 47988
Balhaar Nori,Nazareth Ltd,Machilipatnam,kakartara@example.net,2931027079,1972-08-03T08:51:04.516789,http://www.bedi.com/,36.59.157.7,30291117993138,NKZX6519825309251,M6233615,KA3520100869934,NID-732471,MCI-89308,UP-08-XJ-3423,72,mahallohit,7056-7326-7108,ZTZRU7931P,AII4528744,SBIN0178748,sganguly@okhdfcbank,06ZTZRU7931P1ZD,+91 79936 72208
Nitesh Sarna,Baria and Sons,Pudukkottai,bdugar@example.com,+910021946723,1978-02-01T09:38:27.818484,https://khare-ghosh.org/,119.70.102.48,3592791456083312,QDTL8837340312772,M2483547,DL1320101366162,NID-288085,MCI-74472,HR-83-GD-5541,81,calebbhagat,2093-6927-8872,ZNIYP3062F,OWQ4615581,ICIC0038112,bhavani36@paytm,23ZNIYP3062F1ZI,+91 79557 79417
